reviewId,userName,review_text,rating,thumbsUpCount,date,bank_name,source
gp_rev_dashen_10000,user_ethiopia_418,The system fails to send the OTP code. I cannot access my wallet or complete transactions.,1,8,2024-07-11 01:40:47,Dashen,Google Play
gp_rev_dashen_10001,user_ethiopia_950,Constant server communication timeout errors. Fix the customer support line.,1,13,2025-09-02 01:40:47,Dashen,Google Play
gp_rev_dashen_10002,user_ethiopia_447,Extremely slow loading times when making instant payments to other banks.,1,9,2024-08-22 01:40:47,Dashen,Google Play
gp_rev_dashen_10003,user_ethiopia_628,"I really love using this app, but we need budgeting tools and dark mode features ASAP.",4,6,2025-08-15 01:40:47,Dashen,Google Play
gp_rev_dashen_10004,user_ethiopia_229,"I really love using this app, but we need budgeting tools and dark mode features ASAP.",4,17,2026-04-07 01:40:47,Dashen,Google Play
gp_rev_dashen_10005,user_ethiopia_593,I keep getting a login error and the application crashes repeatedly on launch.,1,5,2026-04-12 01:40:47,Dashen,Google Play
gp_rev_dashen_10006,user_ethiopia_165,Smooth transactions. I highly recommend adding a fingerprint scanner feature.,5,23,2025-06-12 01:40:47,Dashen,Google Play
gp_rev_dashen_10007,user_ethiopia_404,Great interface! Please add fingerprint login or biometric support for security.,4,13,2026-01-16 01:40:47,Dashen,Google Play
gp_rev_dashen_10008,user_ethiopia_172,The interface hangs on the processing screen when checking my balance. Please optimize.,2,6,2024-10-19 01:40:47,Dashen,Google Play
gp_rev_dashen_10009,user_ethiopia_129,The app is so slow during transfers. It takes forever to load my account balance.,2,2,2024-09-07 01:40:47,Dashen,Google Play
gp_rev_dashen_10010,user_ethiopia_386,Constant server communication timeout errors. Fix the customer support line.,1,9,2025-07-08 01:40:47,Dashen,Google Play
gp_rev_dashen_10011,user_ethiopia_813,Great interface! Please add fingerprint login or biometric support for security.,4,15,2025-01-12 01:40:47,Dashen,Google Play
gp_rev_dashen_10012,user_ethiopia_805,The app is so slow during transfers. It takes forever to load my account balance.,2,10,2025-08-09 01:40:47,Dashen,Google Play
gp_rev_dashen_10013,user_ethiopia_541,I keep getting a login error and the application crashes repeatedly on launch.,1,3,2025-04-02 01:40:47,Dashen,Google Play
gp_rev_dashen_10014,user_ethiopia_900,"I really love using this app, but we need budgeting tools and dark mode features ASAP.",4,14,2025-01-17 01:40:47,Dashen,Google Play
gp_rev_dashen_10015,user_ethiopia_590,Extremely slow loading times when making instant payments to other banks.,1,21,2024-11-10 01:40:47,Dashen,Google Play
gp_rev_dashen_10016,user_ethiopia_480,Great interface! Please add fingerprint login or biometric support for security.,4,7,2024-07-27 01:40:47,Dashen,Google Play
gp_rev_dashen_10017,user_ethiopia_906,Very dependable mobile banking system for daily financial operations.,5,4,2026-02-01 01:40:47,Dashen,Google Play
gp_rev_dashen_10018,user_ethiopia_605,Extremely slow loading times when making instant payments to other banks.,1,11,2025-02-10 01:40:47,Dashen,Google Play
gp_rev_dashen_10019,user_ethiopia_937,Smooth transactions. I highly recommend adding a fingerprint scanner feature.,5,24,2024-10-06 01:40:47,Dashen,Google Play
gp_rev_dashen_10020,user_ethiopia_235,The interface hangs on the processing screen when checking my balance. Please optimize.,2,23,2024-10-25 01:40:47,Dashen,Google Play
gp_rev_dashen_10021,user_ethiopia_113,The system fails to send the OTP code. I cannot access my wallet or complete transactions.,1,10,2025-07-18 01:40:47,Dashen,Google Play
gp_rev_dashen_10022,user_ethiopia_718,I keep getting a login error and the application crashes repeatedly on launch.,1,22,2025-09-09 01:40:47,Dashen,Google Play
gp_rev_dashen_10023,user_ethiopia_921,The interface hangs on the processing screen when checking my balance. Please optimize.,2,8,2025-02-24 01:40:47,Dashen,Google Play
gp_rev_dashen_10024,user_ethiopia_555,Constant server communication timeout errors. Fix the customer support line.,1,25,2024-10-29 01:40:47,Dashen,Google Play
gp_rev_dashen_10025,user_ethiopia_792,"I really love using this app, but we need budgeting tools and dark mode features ASAP.",4,17,2025-11-04 01:40:47,Dashen,Google Play
gp_rev_dashen_10026,user_ethiopia_743,Smooth transactions. I highly recommend adding a fingerprint scanner feature.,5,24,2025-03-13 01:40:47,Dashen,Google Play
gp_rev_dashen_10027,user_ethiopia_428,I keep getting a login error and the application crashes repeatedly on launch.,1,19,2025-09-01 01:40:47,Dashen,Google Play
gp_rev_dashen_10028,user_ethiopia_805,Constant server communication timeout errors. Fix the customer support line.,1,12,2026-03-10 01:40:47,Dashen,Google Play
gp_rev_dashen_10029,user_ethiopia_920,Smooth transactions. I highly recommend adding a fingerprint scanner feature.,5,22,2025-03-11 01:40:47,Dashen,Google Play
gp_rev_dashen_10030,user_ethiopia_651,Constant server communication timeout errors. Fix the customer support line.,1,24,2025-01-28 01:40:47,Dashen,Google Play
gp_rev_dashen_10031,user_ethiopia_709,Extremely slow loading times when making instant payments to other banks.,1,18,2025-04-30 01:40:47,Dashen,Google Play
gp_rev_dashen_10032,user_ethiopia_211,The system fails to send the OTP code. I cannot access my wallet or complete transactions.,1,25,2025-08-24 01:40:47,Dashen,Google Play
gp_rev_dashen_10033,user_ethiopia_827,The interface hangs on the processing screen when checking my balance. Please optimize.,2,25,2025-07-14 01:40:47,Dashen,Google Play
gp_rev_dashen_10034,user_ethiopia_278,I keep getting a login error and the application crashes repeatedly on launch.,1,6,2025-12-08 01:40:47,Dashen,Google Play
gp_rev_dashen_10035,user_ethiopia_515,The interface hangs on the processing screen when checking my balance. Please optimize.,2,7,2025-06-06 01:40:47,Dashen,Google Play
gp_rev_dashen_10036,user_ethiopia_653,Very dependable mobile banking system for daily financial operations.,5,25,2025-10-12 01:40:47,Dashen,Google Play
gp_rev_dashen_10037,user_ethiopia_818,Extremely slow loading times when making instant payments to other banks.,1,14,2024-12-08 01:40:47,Dashen,Google Play
gp_rev_dashen_10038,user_ethiopia_331,Constant server communication timeout errors. Fix the customer support line.,1,8,2024-08-08 01:40:47,Dashen,Google Play
gp_rev_dashen_10039,user_ethiopia_196,Great interface! Please add fingerprint login or biometric support for security.,4,13,2024-10-08 01:40:47,Dashen,Google Play
gp_rev_dashen_10040,user_ethiopia_845,I keep getting a login error and the application crashes repeatedly on launch.,1,12,2025-03-30 01:40:47,Dashen,Google Play
gp_rev_dashen_10041,user_ethiopia_553,"I really love using this app, but we need budgeting tools and dark mode features ASAP.",4,22,2025-04-21 01:40:47,Dashen,Google Play
gp_rev_dashen_10042,user_ethiopia_641,The interface hangs on the processing screen when checking my balance. Please optimize.,2,15,2025-03-31 01:40:47,Dashen,Google Play
gp_rev_dashen_10043,user_ethiopia_552,The app is so slow during transfers. It takes forever to load my account balance.,2,11,2025-06-09 01:40:47,Dashen,Google Play
gp_rev_dashen_10044,user_ethiopia_334,"Excellent update, transfers are fast and easy to navigate.",5,2,2026-02-22 01:40:47,Dashen,Google Play
gp_rev_dashen_10045,user_ethiopia_822,Very dependable mobile banking system for daily financial operations.,5,22,2026-05-12 01:40:47,Dashen,Google Play
gp_rev_dashen_10046,user_ethiopia_537,Very dependable mobile banking system for daily financial operations.,5,24,2026-03-05 01:40:47,Dashen,Google Play
gp_rev_dashen_10047,user_ethiopia_752,Constant server communication timeout errors. Fix the customer support line.,1,23,2026-03-01 01:40:47,Dashen,Google Play
gp_rev_dashen_10048,user_ethiopia_789,Smooth transactions. I highly recommend adding a fingerprint scanner feature.,5,17,2026-01-26 01:40:47,Dashen,Google Play
gp_rev_dashen_10049,user_ethiopia_853,"I really love using this app, but we need budgeting tools and dark mode features ASAP.",4,7,2026-03-20 01:40:47,Dashen,Google Play
gp_rev_dashen_10050,user_ethiopia_331,Great interface! Please add fingerprint login or biometric support for security.,4,10,2026-04-01 01:40:47,Dashen,Google Play
gp_rev_dashen_10051,user_ethiopia_930,The interface hangs on the processing screen when checking my balance. Please optimize.,2,11,2025-01-21 01:40:47,Dashen,Google Play
gp_rev_dashen_10052,user_ethiopia_346,Great interface! Please add fingerprint login or biometric support for security.,4,14,2025-10-02 01:40:47,Dashen,Google Play
gp_rev_dashen_10053,user_ethiopia_351,The app is so slow during transfers. It takes forever to load my account balance.,2,20,2025-01-02 01:40:47,Dashen,Google Play
gp_rev_dashen_10054,user_ethiopia_947,"Excellent update, transfers are fast and easy to navigate.",5,4,2025-12-14 01:40:47,Dashen,Google Play
gp_rev_dashen_10055,user_ethiopia_511,The app is so slow during transfers. It takes forever to load my account balance.,2,10,2024-12-12 01:40:47,Dashen,Google Play
gp_rev_dashen_10056,user_ethiopia_141,Very dependable mobile banking system for daily financial operations.,5,10,2025-03-07 01:40:47,Dashen,Google Play
gp_rev_dashen_10057,user_ethiopia_930,Constant server communication timeout errors. Fix the customer support line.,1,25,2025-04-17 01:40:47,Dashen,Google Play
gp_rev_dashen_10058,user_ethiopia_658,The system fails to send the OTP code. I cannot access my wallet or complete transactions.,1,25,2026-04-04 01:40:47,Dashen,Google Play
gp_rev_dashen_10059,user_ethiopia_744,"I really love using this app, but we need budgeting tools and dark mode features ASAP.",4,2,2024-10-16 01:40:47,Dashen,Google Play
gp_rev_dashen_10060,user_ethiopia_537,Very dependable mobile banking system for daily financial operations.,5,7,2024-11-14 01:40:47,Dashen,Google Play
gp_rev_dashen_10061,user_ethiopia_725,"I really love using this app, but we need budgeting tools and dark mode features ASAP.",4,12,2025-04-17 01:40:47,Dashen,Google Play
gp_rev_dashen_10062,user_ethiopia_956,The system fails to send the OTP code. I cannot access my wallet or complete transactions.,1,16,2025-07-17 01:40:47,Dashen,Google Play
gp_rev_dashen_10063,user_ethiopia_279,Great interface! Please add fingerprint login or biometric support for security.,4,5,2025-02-17 01:40:47,Dashen,Google Play
gp_rev_dashen_10064,user_ethiopia_808,The interface hangs on the processing screen when checking my balance. Please optimize.,2,20,2025-07-11 01:40:47,Dashen,Google Play
gp_rev_dashen_10065,user_ethiopia_877,Constant server communication timeout errors. Fix the customer support line.,1,23,2026-03-06 01:40:47,Dashen,Google Play
gp_rev_dashen_10066,user_ethiopia_754,Very dependable mobile banking system for daily financial operations.,5,24,2025-05-24 01:40:47,Dashen,Google Play
gp_rev_dashen_10067,user_ethiopia_616,Constant server communication timeout errors. Fix the customer support line.,1,9,2024-10-22 01:40:47,Dashen,Google Play
gp_rev_dashen_10068,user_ethiopia_743,Great interface! Please add fingerprint login or biometric support for security.,4,4,2026-02-14 01:40:47,Dashen,Google Play
gp_rev_dashen_10069,user_ethiopia_513,The app is so slow during transfers. It takes forever to load my account balance.,2,2,2025-11-10 01:40:47,Dashen,Google Play
gp_rev_dashen_10070,user_ethiopia_160,Extremely slow loading times when making instant payments to other banks.,1,3,2025-11-28 01:40:47,Dashen,Google Play
gp_rev_dashen_10071,user_ethiopia_223,Very dependable mobile banking system for daily financial operations.,5,23,2025-07-05 01:40:47,Dashen,Google Play
gp_rev_dashen_10072,user_ethiopia_388,Great interface! Please add fingerprint login or biometric support for security.,4,12,2025-11-05 01:40:47,Dashen,Google Play
gp_rev_dashen_10073,user_ethiopia_108,The app is so slow during transfers. It takes forever to load my account balance.,2,10,2024-09-08 01:40:47,Dashen,Google Play
gp_rev_dashen_10074,user_ethiopia_829,"Excellent update, transfers are fast and easy to navigate.",5,2,2024-11-20 01:40:47,Dashen,Google Play
gp_rev_dashen_10075,user_ethiopia_686,Smooth transactions. I highly recommend adding a fingerprint scanner feature.,5,22,2024-09-18 01:40:47,Dashen,Google Play
gp_rev_dashen_10076,user_ethiopia_702,Great interface! Please add fingerprint login or biometric support for security.,4,4,2025-08-30 01:40:47,Dashen,Google Play
gp_rev_dashen_10077,user_ethiopia_671,Constant server communication timeout errors. Fix the customer support line.,1,13,2025-01-05 01:40:47,Dashen,Google Play
gp_rev_dashen_10078,user_ethiopia_214,"Excellent update, transfers are fast and easy to navigate.",5,25,2026-05-15 01:40:47,Dashen,Google Play
gp_rev_dashen_10079,user_ethiopia_984,Very dependable mobile banking system for daily financial operations.,5,1,2025-12-04 01:40:47,Dashen,Google Play
gp_rev_dashen_10080,user_ethiopia_252,"Excellent update, transfers are fast and easy to navigate.",5,5,2024-08-02 01:40:47,Dashen,Google Play
gp_rev_dashen_10081,user_ethiopia_889,Great interface! Please add fingerprint login or biometric support for security.,4,25,2026-02-21 01:40:47,Dashen,Google Play
gp_rev_dashen_10082,user_ethiopia_709,The interface hangs on the processing screen when checking my balance. Please optimize.,2,2,2025-01-10 01:40:47,Dashen,Google Play
gp_rev_dashen_10083,user_ethiopia_975,Constant server communication timeout errors. Fix the customer support line.,1,17,2025-06-04 01:40:47,Dashen,Google Play
gp_rev_dashen_10084,user_ethiopia_560,The system fails to send the OTP code. I cannot access my wallet or complete transactions.,1,6,2024-12-21 01:40:47,Dashen,Google Play
gp_rev_dashen_10085,user_ethiopia_197,The app is so slow during transfers. It takes forever to load my account balance.,2,12,2025-11-25 01:40:47,Dashen,Google Play
gp_rev_dashen_10086,user_ethiopia_538,Great interface! Please add fingerprint login or biometric support for security.,4,7,2025-04-22 01:40:47,Dashen,Google Play
gp_rev_dashen_10087,user_ethiopia_781,I keep getting a login error and the application crashes repeatedly on launch.,1,25,2024-12-09 01:40:47,Dashen,Google Play
gp_rev_dashen_10088,user_ethiopia_268,The system fails to send the OTP code. I cannot access my wallet or complete transactions.,1,7,2024-10-29 01:40:47,Dashen,Google Play
gp_rev_dashen_10089,user_ethiopia_903,The app is so slow during transfers. It takes forever to load my account balance.,2,3,2025-03-14 01:40:47,Dashen,Google Play
gp_rev_dashen_10090,user_ethiopia_858,The app is so slow during transfers. It takes forever to load my account balance.,2,19,2024-10-27 01:40:47,Dashen,Google Play
gp_rev_dashen_10091,user_ethiopia_801,"I really love using this app, but we need budgeting tools and dark mode features ASAP.",4,13,2025-01-10 01:40:47,Dashen,Google Play
gp_rev_dashen_10092,user_ethiopia_554,The app is so slow during transfers. It takes forever to load my account balance.,2,23,2025-03-19 01:40:47,Dashen,Google Play
gp_rev_dashen_10093,user_ethiopia_909,"Excellent update, transfers are fast and easy to navigate.",5,15,2024-06-23 01:40:47,Dashen,Google Play
gp_rev_dashen_10094,user_ethiopia_533,Very dependable mobile banking system for daily financial operations.,5,22,2025-09-26 01:40:47,Dashen,Google Play
gp_rev_dashen_10095,user_ethiopia_225,The system fails to send the OTP code. I cannot access my wallet or complete transactions.,1,23,2025-04-12 01:40:47,Dashen,Google Play
gp_rev_dashen_10096,user_ethiopia_834,Smooth transactions. I highly recommend adding a fingerprint scanner feature.,5,13,2026-01-23 01:40:47,Dashen,Google Play
gp_rev_dashen_10097,user_ethiopia_205,Smooth transactions. I highly recommend adding a fingerprint scanner feature.,5,13,2025-07-20 01:40:47,Dashen,Google Play
gp_rev_dashen_10098,user_ethiopia_872,The system fails to send the OTP code. I cannot access my wallet or complete transactions.,1,22,2024-11-17 01:40:47,Dashen,Google Play
gp_rev_dashen_10099,user_ethiopia_600,The system fails to send the OTP code. I cannot access my wallet or complete transactions.,1,12,2024-09-20 01:40:47,Dashen,Google Play
gp_rev_dashen_10100,user_ethiopia_859,"I really love using this app, but we need budgeting tools and dark mode features ASAP.",4,9,2026-03-30 01:40:47,Dashen,Google Play
gp_rev_dashen_10101,user_ethiopia_329,Extremely slow loading times when making instant payments to other banks.,1,9,2024-08-25 01:40:47,Dashen,Google Play
gp_rev_dashen_10102,user_ethiopia_104,I keep getting a login error and the application crashes repeatedly on launch.,1,24,2025-04-30 01:40:47,Dashen,Google Play
gp_rev_dashen_10103,user_ethiopia_308,The interface hangs on the processing screen when checking my balance. Please optimize.,2,23,2024-07-21 01:40:47,Dashen,Google Play
gp_rev_dashen_10104,user_ethiopia_213,"Excellent update, transfers are fast and easy to navigate.",5,1,2024-11-06 01:40:47,Dashen,Google Play
gp_rev_dashen_10105,user_ethiopia_706,"Excellent update, transfers are fast and easy to navigate.",5,6,2026-01-23 01:40:47,Dashen,Google Play
gp_rev_dashen_10106,user_ethiopia_531,Very dependable mobile banking system for daily financial operations.,5,15,2025-04-07 01:40:47,Dashen,Google Play
gp_rev_dashen_10107,user_ethiopia_673,"I really love using this app, but we need budgeting tools and dark mode features ASAP.",4,1,2024-09-10 01:40:47,Dashen,Google Play
gp_rev_dashen_10108,user_ethiopia_271,Extremely slow loading times when making instant payments to other banks.,1,5,2024-12-20 01:40:47,Dashen,Google Play
gp_rev_dashen_10109,user_ethiopia_722,Very dependable mobile banking system for daily financial operations.,5,15,2025-09-13 01:40:47,Dashen,Google Play
gp_rev_dashen_10110,user_ethiopia_322,Constant server communication timeout errors. Fix the customer support line.,1,4,2025-12-27 01:40:47,Dashen,Google Play
gp_rev_dashen_10111,user_ethiopia_746,Extremely slow loading times when making instant payments to other banks.,1,11,2024-09-11 01:40:47,Dashen,Google Play
gp_rev_dashen_10112,user_ethiopia_670,The app is so slow during transfers. It takes forever to load my account balance.,2,12,2026-04-10 01:40:47,Dashen,Google Play
gp_rev_dashen_10113,user_ethiopia_421,"I really love using this app, but we need budgeting tools and dark mode features ASAP.",4,20,2025-11-20 01:40:47,Dashen,Google Play
gp_rev_dashen_10114,user_ethiopia_210,Extremely slow loading times when making instant payments to other banks.,1,25,2025-07-09 01:40:47,Dashen,Google Play
gp_rev_dashen_10115,user_ethiopia_799,Great interface! Please add fingerprint login or biometric support for security.,4,11,2026-03-25 01:40:47,Dashen,Google Play
gp_rev_dashen_10116,user_ethiopia_142,Very dependable mobile banking system for daily financial operations.,5,11,2025-11-05 01:40:47,Dashen,Google Play
gp_rev_dashen_10117,user_ethiopia_118,Constant server communication timeout errors. Fix the customer support line.,1,4,2026-02-05 01:40:47,Dashen,Google Play
gp_rev_dashen_10118,user_ethiopia_608,"I really love using this app, but we need budgeting tools and dark mode features ASAP.",4,14,2025-04-17 01:40:47,Dashen,Google Play
gp_rev_dashen_10119,user_ethiopia_811,I keep getting a login error and the application crashes repeatedly on launch.,1,0,2024-09-16 01:40:47,Dashen,Google Play
gp_rev_dashen_10120,user_ethiopia_570,Extremely slow loading times when making instant payments to other banks.,1,10,2025-07-23 01:40:47,Dashen,Google Play
gp_rev_dashen_10121,user_ethiopia_731,"Excellent update, transfers are fast and easy to navigate.",5,24,2026-04-24 01:40:47,Dashen,Google Play
gp_rev_dashen_10122,user_ethiopia_319,Extremely slow loading times when making instant payments to other banks.,1,22,2024-06-29 01:40:47,Dashen,Google Play
gp_rev_dashen_10123,user_ethiopia_963,Very dependable mobile banking system for daily financial operations.,5,17,2025-12-31 01:40:47,Dashen,Google Play
gp_rev_dashen_10124,user_ethiopia_494,Constant server communication timeout errors. Fix the customer support line.,1,24,2025-01-20 01:40:47,Dashen,Google Play
gp_rev_dashen_10125,user_ethiopia_317,Great interface! Please add fingerprint login or biometric support for security.,4,13,2025-06-30 01:40:47,Dashen,Google Play
gp_rev_dashen_10126,user_ethiopia_738,Great interface! Please add fingerprint login or biometric support for security.,4,17,2025-10-21 01:40:47,Dashen,Google Play
gp_rev_dashen_10127,user_ethiopia_612,The interface hangs on the processing screen when checking my balance. Please optimize.,2,12,2025-06-03 01:40:47,Dashen,Google Play
gp_rev_dashen_10128,user_ethiopia_489,Smooth transactions. I highly recommend adding a fingerprint scanner feature.,5,10,2025-05-08 01:40:47,Dashen,Google Play
gp_rev_dashen_10129,user_ethiopia_423,"I really love using this app, but we need budgeting tools and dark mode features ASAP.",4,11,2026-02-27 01:40:47,Dashen,Google Play
gp_rev_dashen_10130,user_ethiopia_625,Smooth transactions. I highly recommend adding a fingerprint scanner feature.,5,14,2026-01-17 01:40:47,Dashen,Google Play
gp_rev_dashen_10131,user_ethiopia_307,Very dependable mobile banking system for daily financial operations.,5,2,2025-03-29 01:40:47,Dashen,Google Play
gp_rev_dashen_10132,user_ethiopia_372,I keep getting a login error and the application crashes repeatedly on launch.,1,5,2026-03-16 01:40:47,Dashen,Google Play
gp_rev_dashen_10133,user_ethiopia_612,The interface hangs on the processing screen when checking my balance. Please optimize.,2,24,2025-12-31 01:40:47,Dashen,Google Play
gp_rev_dashen_10134,user_ethiopia_602,Extremely slow loading times when making instant payments to other banks.,1,25,2024-07-09 01:40:47,Dashen,Google Play
gp_rev_dashen_10135,user_ethiopia_635,I keep getting a login error and the application crashes repeatedly on launch.,1,11,2025-03-31 01:40:47,Dashen,Google Play
gp_rev_dashen_10136,user_ethiopia_725,Very dependable mobile banking system for daily financial operations.,5,16,2026-04-10 01:40:47,Dashen,Google Play
gp_rev_dashen_10137,user_ethiopia_321,Smooth transactions. I highly recommend adding a fingerprint scanner feature.,5,19,2025-08-17 01:40:47,Dashen,Google Play
gp_rev_dashen_10138,user_ethiopia_767,Extremely slow loading times when making instant payments to other banks.,1,22,2025-03-02 01:40:47,Dashen,Google Play
gp_rev_dashen_10139,user_ethiopia_985,Great interface! Please add fingerprint login or biometric support for security.,4,19,2024-08-12 01:40:47,Dashen,Google Play
gp_rev_dashen_10140,user_ethiopia_538,"I really love using this app, but we need budgeting tools and dark mode features ASAP.",4,25,2026-04-23 01:40:47,Dashen,Google Play
gp_rev_dashen_10141,user_ethiopia_653,"Excellent update, transfers are fast and easy to navigate.",5,16,2025-11-09 01:40:47,Dashen,Google Play
gp_rev_dashen_10142,user_ethiopia_281,The app is so slow during transfers. It takes forever to load my account balance.,2,15,2026-01-23 01:40:47,Dashen,Google Play
gp_rev_dashen_10143,user_ethiopia_572,Great interface! Please add fingerprint login or biometric support for security.,4,16,2025-10-29 01:40:47,Dashen,Google Play
gp_rev_dashen_10144,user_ethiopia_170,"Excellent update, transfers are fast and easy to navigate.",5,13,2025-01-26 01:40:47,Dashen,Google Play
gp_rev_dashen_10145,user_ethiopia_188,Great interface! Please add fingerprint login or biometric support for security.,4,13,2026-04-10 01:40:47,Dashen,Google Play
gp_rev_dashen_10146,user_ethiopia_606,The interface hangs on the processing screen when checking my balance. Please optimize.,2,0,2026-04-13 01:40:47,Dashen,Google Play
gp_rev_dashen_10147,user_ethiopia_667,The app is so slow during transfers. It takes forever to load my account balance.,2,0,2025-09-09 01:40:47,Dashen,Google Play
gp_rev_dashen_10148,user_ethiopia_368,Extremely slow loading times when making instant payments to other banks.,1,13,2026-04-08 01:40:47,Dashen,Google Play
gp_rev_dashen_10149,user_ethiopia_744,Great interface! Please add fingerprint login or biometric support for security.,4,8,2024-10-18 01:40:47,Dashen,Google Play
gp_rev_dashen_10150,user_ethiopia_354,Constant server communication timeout errors. Fix the customer support line.,1,7,2025-09-22 01:40:47,Dashen,Google Play
gp_rev_dashen_10151,user_ethiopia_984,Smooth transactions. I highly recommend adding a fingerprint scanner feature.,5,19,2026-03-25 01:40:47,Dashen,Google Play
gp_rev_dashen_10152,user_ethiopia_756,The system fails to send the OTP code. I cannot access my wallet or complete transactions.,1,9,2025-06-02 01:40:47,Dashen,Google Play
gp_rev_dashen_10153,user_ethiopia_852,The app is so slow during transfers. It takes forever to load my account balance.,2,0,2026-03-06 01:40:47,Dashen,Google Play
gp_rev_dashen_10154,user_ethiopia_371,Constant server communication timeout errors. Fix the customer support line.,1,7,2025-06-22 01:40:47,Dashen,Google Play
gp_rev_dashen_10155,user_ethiopia_797,The interface hangs on the processing screen when checking my balance. Please optimize.,2,3,2025-04-10 01:40:47,Dashen,Google Play
gp_rev_dashen_10156,user_ethiopia_978,I keep getting a login error and the application crashes repeatedly on launch.,1,13,2025-03-12 01:40:47,Dashen,Google Play
gp_rev_dashen_10157,user_ethiopia_171,Great interface! Please add fingerprint login or biometric support for security.,4,21,2025-01-03 01:40:47,Dashen,Google Play
gp_rev_dashen_10158,user_ethiopia_222,Smooth transactions. I highly recommend adding a fingerprint scanner feature.,5,1,2025-02-01 01:40:47,Dashen,Google Play
gp_rev_dashen_10159,user_ethiopia_447,The app is so slow during transfers. It takes forever to load my account balance.,2,10,2024-11-18 01:40:47,Dashen,Google Play
gp_rev_dashen_10160,user_ethiopia_422,The app is so slow during transfers. It takes forever to load my account balance.,2,15,2025-04-20 01:40:47,Dashen,Google Play
gp_rev_dashen_10161,user_ethiopia_859,Extremely slow loading times when making instant payments to other banks.,1,18,2025-09-21 01:40:47,Dashen,Google Play
gp_rev_dashen_10162,user_ethiopia_549,Very dependable mobile banking system for daily financial operations.,5,18,2024-07-22 01:40:47,Dashen,Google Play
gp_rev_dashen_10163,user_ethiopia_451,"I really love using this app, but we need budgeting tools and dark mode features ASAP.",4,2,2025-03-15 01:40:47,Dashen,Google Play
gp_rev_dashen_10164,user_ethiopia_477,The app is so slow during transfers. It takes forever to load my account balance.,2,21,2026-04-08 01:40:47,Dashen,Google Play
gp_rev_dashen_10165,user_ethiopia_822,The interface hangs on the processing screen when checking my balance. Please optimize.,2,14,2025-04-11 01:40:47,Dashen,Google Play
gp_rev_dashen_10166,user_ethiopia_893,Extremely slow loading times when making instant payments to other banks.,1,19,2026-02-22 01:40:47,Dashen,Google Play
gp_rev_dashen_10167,user_ethiopia_397,"Excellent update, transfers are fast and easy to navigate.",5,25,2025-06-26 01:40:47,Dashen,Google Play
gp_rev_dashen_10168,user_ethiopia_782,"I really love using this app, but we need budgeting tools and dark mode features ASAP.",4,7,2024-09-02 01:40:47,Dashen,Google Play
gp_rev_dashen_10169,user_ethiopia_899,The interface hangs on the processing screen when checking my balance. Please optimize.,2,12,2025-05-13 01:40:47,Dashen,Google Play
gp_rev_dashen_10170,user_ethiopia_621,"Excellent update, transfers are fast and easy to navigate.",5,10,2026-05-15 01:40:47,Dashen,Google Play
gp_rev_dashen_10171,user_ethiopia_909,Great interface! Please add fingerprint login or biometric support for security.,4,9,2024-07-15 01:40:47,Dashen,Google Play
gp_rev_dashen_10172,user_ethiopia_623,The interface hangs on the processing screen when checking my balance. Please optimize.,2,18,2025-01-27 01:40:47,Dashen,Google Play
gp_rev_dashen_10173,user_ethiopia_722,The app is so slow during transfers. It takes forever to load my account balance.,2,24,2024-11-09 01:40:47,Dashen,Google Play
gp_rev_dashen_10174,user_ethiopia_494,"I really love using this app, but we need budgeting tools and dark mode features ASAP.",4,6,2024-10-09 01:40:47,Dashen,Google Play
gp_rev_dashen_10175,user_ethiopia_148,Great interface! Please add fingerprint login or biometric support for security.,4,22,2026-02-04 01:40:47,Dashen,Google Play
gp_rev_dashen_10176,user_ethiopia_542,The app is so slow during transfers. It takes forever to load my account balance.,2,3,2025-11-02 01:40:47,Dashen,Google Play
gp_rev_dashen_10177,user_ethiopia_524,"I really love using this app, but we need budgeting tools and dark mode features ASAP.",4,9,2025-11-24 01:40:47,Dashen,Google Play
gp_rev_dashen_10178,user_ethiopia_442,The system fails to send the OTP code. I cannot access my wallet or complete transactions.,1,21,2025-03-18 01:40:47,Dashen,Google Play
gp_rev_dashen_10179,user_ethiopia_444,"I really love using this app, but we need budgeting tools and dark mode features ASAP.",4,5,2025-09-05 01:40:47,Dashen,Google Play
gp_rev_dashen_10180,user_ethiopia_952,Extremely slow loading times when making instant payments to other banks.,1,10,2025-03-14 01:40:47,Dashen,Google Play
gp_rev_dashen_10181,user_ethiopia_772,"Excellent update, transfers are fast and easy to navigate.",5,13,2025-12-09 01:40:47,Dashen,Google Play
gp_rev_dashen_10182,user_ethiopia_348,Great interface! Please add fingerprint login or biometric support for security.,4,25,2025-02-12 01:40:47,Dashen,Google Play
gp_rev_dashen_10183,user_ethiopia_476,Very dependable mobile banking system for daily financial operations.,5,11,2025-04-19 01:40:47,Dashen,Google Play
gp_rev_dashen_10184,user_ethiopia_603,"Excellent update, transfers are fast and easy to navigate.",5,7,2026-01-10 01:40:47,Dashen,Google Play
gp_rev_dashen_10185,user_ethiopia_908,Great interface! Please add fingerprint login or biometric support for security.,4,14,2025-10-31 01:40:47,Dashen,Google Play
gp_rev_dashen_10186,user_ethiopia_212,I keep getting a login error and the application crashes repeatedly on launch.,1,19,2026-02-20 01:40:47,Dashen,Google Play
gp_rev_dashen_10187,user_ethiopia_467,Constant server communication timeout errors. Fix the customer support line.,1,1,2025-02-20 01:40:47,Dashen,Google Play
gp_rev_dashen_10188,user_ethiopia_689,Constant server communication timeout errors. Fix the customer support line.,1,24,2026-01-01 01:40:47,Dashen,Google Play
gp_rev_dashen_10189,user_ethiopia_488,The app is so slow during transfers. It takes forever to load my account balance.,2,11,2026-05-12 01:40:47,Dashen,Google Play
gp_rev_dashen_10190,user_ethiopia_932,The system fails to send the OTP code. I cannot access my wallet or complete transactions.,1,3,2025-02-11 01:40:47,Dashen,Google Play
gp_rev_dashen_10191,user_ethiopia_270,Great interface! Please add fingerprint login or biometric support for security.,4,9,2025-05-04 01:40:47,Dashen,Google Play
gp_rev_dashen_10192,user_ethiopia_867,The app is so slow during transfers. It takes forever to load my account balance.,2,20,2025-08-10 01:40:47,Dashen,Google Play
gp_rev_dashen_10193,user_ethiopia_825,"Excellent update, transfers are fast and easy to navigate.",5,13,2026-02-17 01:40:47,Dashen,Google Play
gp_rev_dashen_10194,user_ethiopia_712,I keep getting a login error and the application crashes repeatedly on launch.,1,25,2025-06-13 01:40:47,Dashen,Google Play
gp_rev_dashen_10195,user_ethiopia_791,Great interface! Please add fingerprint login or biometric support for security.,4,20,2024-10-05 01:40:47,Dashen,Google Play
gp_rev_dashen_10196,user_ethiopia_626,Very dependable mobile banking system for daily financial operations.,5,12,2025-09-28 01:40:47,Dashen,Google Play
gp_rev_dashen_10197,user_ethiopia_796,The interface hangs on the processing screen when checking my balance. Please optimize.,2,16,2025-02-24 01:40:47,Dashen,Google Play
gp_rev_dashen_10198,user_ethiopia_920,The app is so slow during transfers. It takes forever to load my account balance.,2,21,2025-09-15 01:40:47,Dashen,Google Play
gp_rev_dashen_10199,user_ethiopia_815,The app is so slow during transfers. It takes forever to load my account balance.,2,21,2025-10-22 01:40:47,Dashen,Google Play
gp_rev_dashen_10200,user_ethiopia_760,The interface hangs on the processing screen when checking my balance. Please optimize.,2,9,2024-07-02 01:40:47,Dashen,Google Play
gp_rev_dashen_10201,user_ethiopia_422,"I really love using this app, but we need budgeting tools and dark mode features ASAP.",4,17,2025-12-03 01:40:47,Dashen,Google Play
gp_rev_dashen_10202,user_ethiopia_654,Great interface! Please add fingerprint login or biometric support for security.,4,11,2024-08-09 01:40:47,Dashen,Google Play
gp_rev_dashen_10203,user_ethiopia_121,Smooth transactions. I highly recommend adding a fingerprint scanner feature.,5,13,2025-11-05 01:40:47,Dashen,Google Play
gp_rev_dashen_10204,user_ethiopia_310,The system fails to send the OTP code. I cannot access my wallet or complete transactions.,1,1,2025-12-18 01:40:47,Dashen,Google Play
gp_rev_dashen_10205,user_ethiopia_113,Great interface! Please add fingerprint login or biometric support for security.,4,21,2025-03-14 01:40:47,Dashen,Google Play
gp_rev_dashen_10206,user_ethiopia_216,The interface hangs on the processing screen when checking my balance. Please optimize.,2,16,2025-07-20 01:40:47,Dashen,Google Play
gp_rev_dashen_10207,user_ethiopia_960,Smooth transactions. I highly recommend adding a fingerprint scanner feature.,5,12,2025-04-06 01:40:47,Dashen,Google Play
gp_rev_dashen_10208,user_ethiopia_489,Constant server communication timeout errors. Fix the customer support line.,1,5,2024-07-07 01:40:47,Dashen,Google Play
gp_rev_dashen_10209,user_ethiopia_282,The system fails to send the OTP code. I cannot access my wallet or complete transactions.,1,9,2025-06-11 01:40:47,Dashen,Google Play
gp_rev_dashen_10210,user_ethiopia_376,"Excellent update, transfers are fast and easy to navigate.",5,9,2025-03-01 01:40:47,Dashen,Google Play
gp_rev_dashen_10211,user_ethiopia_271,Extremely slow loading times when making instant payments to other banks.,1,20,2025-06-04 01:40:47,Dashen,Google Play
gp_rev_dashen_10212,user_ethiopia_290,The app is so slow during transfers. It takes forever to load my account balance.,2,5,2024-12-18 01:40:47,Dashen,Google Play
gp_rev_dashen_10213,user_ethiopia_608,Extremely slow loading times when making instant payments to other banks.,1,24,2025-05-19 01:40:47,Dashen,Google Play
gp_rev_dashen_10214,user_ethiopia_848,I keep getting a login error and the application crashes repeatedly on launch.,1,25,2025-06-09 01:40:47,Dashen,Google Play
gp_rev_dashen_10215,user_ethiopia_107,Great interface! Please add fingerprint login or biometric support for security.,4,13,2025-11-12 01:40:47,Dashen,Google Play
gp_rev_dashen_10216,user_ethiopia_872,"I really love using this app, but we need budgeting tools and dark mode features ASAP.",4,9,2025-08-25 01:40:47,Dashen,Google Play
gp_rev_dashen_10217,user_ethiopia_145,Smooth transactions. I highly recommend adding a fingerprint scanner feature.,5,21,2024-06-28 01:40:47,Dashen,Google Play
gp_rev_dashen_10218,user_ethiopia_194,Constant server communication timeout errors. Fix the customer support line.,1,17,2025-05-04 01:40:47,Dashen,Google Play
gp_rev_dashen_10219,user_ethiopia_222,Smooth transactions. I highly recommend adding a fingerprint scanner feature.,5,3,2025-05-08 01:40:47,Dashen,Google Play
gp_rev_dashen_10220,user_ethiopia_523,Smooth transactions. I highly recommend adding a fingerprint scanner feature.,5,24,2025-06-28 01:40:47,Dashen,Google Play
gp_rev_dashen_10221,user_ethiopia_335,"Excellent update, transfers are fast and easy to navigate.",5,16,2025-06-12 01:40:47,Dashen,Google Play
gp_rev_dashen_10222,user_ethiopia_709,Very dependable mobile banking system for daily financial operations.,5,4,2025-06-24 01:40:47,Dashen,Google Play
gp_rev_dashen_10223,user_ethiopia_500,Great interface! Please add fingerprint login or biometric support for security.,4,10,2025-07-12 01:40:47,Dashen,Google Play
gp_rev_dashen_10224,user_ethiopia_188,Smooth transactions. I highly recommend adding a fingerprint scanner feature.,5,5,2024-07-07 01:40:47,Dashen,Google Play
gp_rev_dashen_10225,user_ethiopia_953,"I really love using this app, but we need budgeting tools and dark mode features ASAP.",4,22,2024-12-16 01:40:47,Dashen,Google Play
gp_rev_dashen_10226,user_ethiopia_227,I keep getting a login error and the application crashes repeatedly on launch.,1,9,2024-09-21 01:40:47,Dashen,Google Play
gp_rev_dashen_10227,user_ethiopia_586,"Excellent update, transfers are fast and easy to navigate.",5,15,2025-04-01 01:40:47,Dashen,Google Play
gp_rev_dashen_10228,user_ethiopia_159,The app is so slow during transfers. It takes forever to load my account balance.,2,16,2025-04-25 01:40:47,Dashen,Google Play
gp_rev_dashen_10229,user_ethiopia_147,Extremely slow loading times when making instant payments to other banks.,1,3,2024-10-07 01:40:47,Dashen,Google Play
gp_rev_dashen_10230,user_ethiopia_706,"I really love using this app, but we need budgeting tools and dark mode features ASAP.",4,9,2025-03-04 01:40:47,Dashen,Google Play
gp_rev_dashen_10231,user_ethiopia_272,The interface hangs on the processing screen when checking my balance. Please optimize.,2,13,2024-09-11 01:40:47,Dashen,Google Play
gp_rev_dashen_10232,user_ethiopia_813,Very dependable mobile banking system for daily financial operations.,5,12,2025-02-09 01:40:47,Dashen,Google Play
gp_rev_dashen_10233,user_ethiopia_645,Extremely slow loading times when making instant payments to other banks.,1,20,2024-08-05 01:40:47,Dashen,Google Play
gp_rev_dashen_10234,user_ethiopia_304,"I really love using this app, but we need budgeting tools and dark mode features ASAP.",4,23,2024-10-23 01:40:47,Dashen,Google Play
gp_rev_dashen_10235,user_ethiopia_662,"I really love using this app, but we need budgeting tools and dark mode features ASAP.",4,12,2024-06-30 01:40:47,Dashen,Google Play
gp_rev_dashen_10236,user_ethiopia_425,"I really love using this app, but we need budgeting tools and dark mode features ASAP.",4,12,2024-11-20 01:40:47,Dashen,Google Play
gp_rev_dashen_10237,user_ethiopia_957,Very dependable mobile banking system for daily financial operations.,5,17,2025-10-20 01:40:47,Dashen,Google Play
gp_rev_dashen_10238,user_ethiopia_582,Extremely slow loading times when making instant payments to other banks.,1,16,2024-12-19 01:40:47,Dashen,Google Play
gp_rev_dashen_10239,user_ethiopia_299,The app is so slow during transfers. It takes forever to load my account balance.,2,9,2024-11-05 01:40:47,Dashen,Google Play
gp_rev_dashen_10240,user_ethiopia_127,"I really love using this app, but we need budgeting tools and dark mode features ASAP.",4,13,2024-06-26 01:40:47,Dashen,Google Play
gp_rev_dashen_10241,user_ethiopia_824,The app is so slow during transfers. It takes forever to load my account balance.,2,19,2024-11-17 01:40:47,Dashen,Google Play
gp_rev_dashen_10242,user_ethiopia_711,"Excellent update, transfers are fast and easy to navigate.",5,3,2026-04-07 01:40:47,Dashen,Google Play
gp_rev_dashen_10243,user_ethiopia_529,Extremely slow loading times when making instant payments to other banks.,1,9,2025-02-27 01:40:47,Dashen,Google Play
gp_rev_dashen_10244,user_ethiopia_287,Very dependable mobile banking system for daily financial operations.,5,8,2024-10-28 01:40:47,Dashen,Google Play
gp_rev_dashen_10245,user_ethiopia_290,The app is so slow during transfers. It takes forever to load my account balance.,2,24,2025-05-18 01:40:47,Dashen,Google Play
gp_rev_dashen_10246,user_ethiopia_727,"Excellent update, transfers are fast and easy to navigate.",5,20,2024-07-25 01:40:47,Dashen,Google Play
gp_rev_dashen_10247,user_ethiopia_987,The app is so slow during transfers. It takes forever to load my account balance.,2,10,2024-09-12 01:40:47,Dashen,Google Play
gp_rev_dashen_10248,user_ethiopia_807,"I really love using this app, but we need budgeting tools and dark mode features ASAP.",4,23,2025-04-03 01:40:47,Dashen,Google Play
gp_rev_dashen_10249,user_ethiopia_509,Great interface! Please add fingerprint login or biometric support for security.,4,5,2025-12-16 01:40:47,Dashen,Google Play
gp_rev_dashen_10250,user_ethiopia_975,The app is so slow during transfers. It takes forever to load my account balance.,2,14,2025-06-29 01:40:47,Dashen,Google Play
gp_rev_dashen_10251,user_ethiopia_394,Extremely slow loading times when making instant payments to other banks.,1,25,2024-08-24 01:40:47,Dashen,Google Play
gp_rev_dashen_10252,user_ethiopia_410,Smooth transactions. I highly recommend adding a fingerprint scanner feature.,5,24,2025-01-27 01:40:47,Dashen,Google Play
gp_rev_dashen_10253,user_ethiopia_172,"I really love using this app, but we need budgeting tools and dark mode features ASAP.",4,16,2025-11-20 01:40:47,Dashen,Google Play
gp_rev_dashen_10254,user_ethiopia_299,The interface hangs on the processing screen when checking my balance. Please optimize.,2,16,2025-03-29 01:40:47,Dashen,Google Play
gp_rev_dashen_10255,user_ethiopia_220,"Excellent update, transfers are fast and easy to navigate.",5,23,2025-04-22 01:40:47,Dashen,Google Play
gp_rev_dashen_10256,user_ethiopia_107,Constant server communication timeout errors. Fix the customer support line.,1,2,2025-03-20 01:40:47,Dashen,Google Play
gp_rev_dashen_10257,user_ethiopia_874,"I really love using this app, but we need budgeting tools and dark mode features ASAP.",4,9,2025-09-23 01:40:47,Dashen,Google Play
gp_rev_dashen_10258,user_ethiopia_198,Constant server communication timeout errors. Fix the customer support line.,1,13,2025-12-06 01:40:47,Dashen,Google Play
gp_rev_dashen_10259,user_ethiopia_752,Great interface! Please add fingerprint login or biometric support for security.,4,10,2024-09-27 01:40:47,Dashen,Google Play
gp_rev_dashen_10260,user_ethiopia_375,Constant server communication timeout errors. Fix the customer support line.,1,18,2025-08-11 01:40:47,Dashen,Google Play
gp_rev_dashen_10261,user_ethiopia_597,The system fails to send the OTP code. I cannot access my wallet or complete transactions.,1,20,2024-08-11 01:40:47,Dashen,Google Play
gp_rev_dashen_10262,user_ethiopia_729,The interface hangs on the processing screen when checking my balance. Please optimize.,2,11,2024-11-10 01:40:47,Dashen,Google Play
gp_rev_dashen_10263,user_ethiopia_127,The app is so slow during transfers. It takes forever to load my account balance.,2,21,2025-02-17 01:40:47,Dashen,Google Play
gp_rev_dashen_10264,user_ethiopia_813,Great interface! Please add fingerprint login or biometric support for security.,4,13,2026-05-09 01:40:47,Dashen,Google Play
gp_rev_dashen_10265,user_ethiopia_565,Smooth transactions. I highly recommend adding a fingerprint scanner feature.,5,25,2025-06-17 01:40:47,Dashen,Google Play
gp_rev_dashen_10266,user_ethiopia_766,Smooth transactions. I highly recommend adding a fingerprint scanner feature.,5,1,2025-11-16 01:40:47,Dashen,Google Play
gp_rev_dashen_10267,user_ethiopia_954,Extremely slow loading times when making instant payments to other banks.,1,18,2024-10-05 01:40:47,Dashen,Google Play
gp_rev_dashen_10268,user_ethiopia_134,"I really love using this app, but we need budgeting tools and dark mode features ASAP.",4,19,2026-01-09 01:40:47,Dashen,Google Play
gp_rev_dashen_10269,user_ethiopia_620,"I really love using this app, but we need budgeting tools and dark mode features ASAP.",4,25,2025-07-31 01:40:47,Dashen,Google Play
gp_rev_dashen_10270,user_ethiopia_454,The app is so slow during transfers. It takes forever to load my account balance.,2,0,2026-02-28 01:40:47,Dashen,Google Play
gp_rev_dashen_10271,user_ethiopia_578,Smooth transactions. I highly recommend adding a fingerprint scanner feature.,5,24,2025-05-06 01:40:47,Dashen,Google Play
gp_rev_dashen_10272,user_ethiopia_421,The app is so slow during transfers. It takes forever to load my account balance.,2,14,2024-11-24 01:40:47,Dashen,Google Play
gp_rev_dashen_10273,user_ethiopia_335,I keep getting a login error and the application crashes repeatedly on launch.,1,17,2024-12-17 01:40:47,Dashen,Google Play
gp_rev_dashen_10274,user_ethiopia_976,The system fails to send the OTP code. I cannot access my wallet or complete transactions.,1,25,2025-08-05 01:40:47,Dashen,Google Play
gp_rev_dashen_10275,user_ethiopia_931,The app is so slow during transfers. It takes forever to load my account balance.,2,10,2026-01-11 01:40:47,Dashen,Google Play
gp_rev_dashen_10276,user_ethiopia_472,"I really love using this app, but we need budgeting tools and dark mode features ASAP.",4,19,2025-04-28 01:40:47,Dashen,Google Play
gp_rev_dashen_10277,user_ethiopia_453,The system fails to send the OTP code. I cannot access my wallet or complete transactions.,1,21,2025-08-01 01:40:47,Dashen,Google Play
gp_rev_dashen_10278,user_ethiopia_453,"Excellent update, transfers are fast and easy to navigate.",5,5,2024-12-18 01:40:47,Dashen,Google Play
gp_rev_dashen_10279,user_ethiopia_789,Great interface! Please add fingerprint login or biometric support for security.,4,3,2024-07-21 01:40:47,Dashen,Google Play
gp_rev_dashen_10280,user_ethiopia_100,The system fails to send the OTP code. I cannot access my wallet or complete transactions.,1,5,2025-08-17 01:40:47,Dashen,Google Play
gp_rev_dashen_10281,user_ethiopia_245,Extremely slow loading times when making instant payments to other banks.,1,21,2024-10-13 01:40:47,Dashen,Google Play
gp_rev_dashen_10282,user_ethiopia_561,"I really love using this app, but we need budgeting tools and dark mode features ASAP.",4,20,2024-06-21 01:40:47,Dashen,Google Play
gp_rev_dashen_10283,user_ethiopia_828,Very dependable mobile banking system for daily financial operations.,5,1,2025-09-13 01:40:47,Dashen,Google Play
gp_rev_dashen_10284,user_ethiopia_908,The system fails to send the OTP code. I cannot access my wallet or complete transactions.,1,11,2026-01-22 01:40:47,Dashen,Google Play
gp_rev_dashen_10285,user_ethiopia_428,Extremely slow loading times when making instant payments to other banks.,1,16,2025-08-19 01:40:47,Dashen,Google Play
gp_rev_dashen_10286,user_ethiopia_965,The system fails to send the OTP code. I cannot access my wallet or complete transactions.,1,4,2026-04-16 01:40:47,Dashen,Google Play
gp_rev_dashen_10287,user_ethiopia_386,I keep getting a login error and the application crashes repeatedly on launch.,1,13,2024-09-26 01:40:47,Dashen,Google Play
gp_rev_dashen_10288,user_ethiopia_289,"I really love using this app, but we need budgeting tools and dark mode features ASAP.",4,25,2025-11-09 01:40:47,Dashen,Google Play
gp_rev_dashen_10289,user_ethiopia_178,The system fails to send the OTP code. I cannot access my wallet or complete transactions.,1,22,2025-09-15 01:40:47,Dashen,Google Play
gp_rev_dashen_10290,user_ethiopia_766,"I really love using this app, but we need budgeting tools and dark mode features ASAP.",4,20,2026-02-07 01:40:47,Dashen,Google Play
gp_rev_dashen_10291,user_ethiopia_768,Constant server communication timeout errors. Fix the customer support line.,1,19,2024-12-25 01:40:47,Dashen,Google Play
gp_rev_dashen_10292,user_ethiopia_493,Smooth transactions. I highly recommend adding a fingerprint scanner feature.,5,4,2025-08-09 01:40:47,Dashen,Google Play
gp_rev_dashen_10293,user_ethiopia_520,I keep getting a login error and the application crashes repeatedly on launch.,1,12,2025-06-08 01:40:47,Dashen,Google Play
gp_rev_dashen_10294,user_ethiopia_543,"Excellent update, transfers are fast and easy to navigate.",5,6,2025-02-25 01:40:47,Dashen,Google Play
gp_rev_dashen_10295,user_ethiopia_977,"I really love using this app, but we need budgeting tools and dark mode features ASAP.",4,0,2026-04-30 01:40:47,Dashen,Google Play
gp_rev_dashen_10296,user_ethiopia_210,"Excellent update, transfers are fast and easy to navigate.",5,18,2026-05-05 01:40:47,Dashen,Google Play
gp_rev_dashen_10297,user_ethiopia_927,The system fails to send the OTP code. I cannot access my wallet or complete transactions.,1,11,2025-10-24 01:40:47,Dashen,Google Play
gp_rev_dashen_10298,user_ethiopia_401,The interface hangs on the processing screen when checking my balance. Please optimize.,2,0,2025-12-30 01:40:47,Dashen,Google Play
gp_rev_dashen_10299,user_ethiopia_805,The interface hangs on the processing screen when checking my balance. Please optimize.,2,6,2024-06-17 01:40:47,Dashen,Google Play
gp_rev_dashen_10300,user_ethiopia_980,Very dependable mobile banking system for daily financial operations.,5,16,2025-10-31 01:40:47,Dashen,Google Play
gp_rev_dashen_10301,user_ethiopia_761,"Excellent update, transfers are fast and easy to navigate.",5,2,2025-10-15 01:40:47,Dashen,Google Play
gp_rev_dashen_10302,user_ethiopia_666,The interface hangs on the processing screen when checking my balance. Please optimize.,2,4,2025-09-05 01:40:47,Dashen,Google Play
gp_rev_dashen_10303,user_ethiopia_463,"I really love using this app, but we need budgeting tools and dark mode features ASAP.",4,7,2024-09-18 01:40:47,Dashen,Google Play
gp_rev_dashen_10304,user_ethiopia_647,"I really love using this app, but we need budgeting tools and dark mode features ASAP.",4,22,2025-06-23 01:40:47,Dashen,Google Play
gp_rev_dashen_10305,user_ethiopia_756,Great interface! Please add fingerprint login or biometric support for security.,4,11,2025-02-17 01:40:47,Dashen,Google Play
gp_rev_dashen_10306,user_ethiopia_288,Great interface! Please add fingerprint login or biometric support for security.,4,9,2025-05-01 01:40:47,Dashen,Google Play
gp_rev_dashen_10307,user_ethiopia_791,The interface hangs on the processing screen when checking my balance. Please optimize.,2,22,2026-04-09 01:40:47,Dashen,Google Play
gp_rev_dashen_10308,user_ethiopia_795,Smooth transactions. I highly recommend adding a fingerprint scanner feature.,5,13,2025-08-02 01:40:47,Dashen,Google Play
gp_rev_dashen_10309,user_ethiopia_112,Great interface! Please add fingerprint login or biometric support for security.,4,22,2026-01-26 01:40:47,Dashen,Google Play
gp_rev_dashen_10310,user_ethiopia_318,"Excellent update, transfers are fast and easy to navigate.",5,23,2024-08-28 01:40:47,Dashen,Google Play
gp_rev_dashen_10311,user_ethiopia_412,Constant server communication timeout errors. Fix the customer support line.,1,16,2024-12-16 01:40:47,Dashen,Google Play
gp_rev_dashen_10312,user_ethiopia_671,Very dependable mobile banking system for daily financial operations.,5,4,2026-01-05 01:40:47,Dashen,Google Play
gp_rev_dashen_10313,user_ethiopia_870,"I really love using this app, but we need budgeting tools and dark mode features ASAP.",4,10,2024-12-01 01:40:47,Dashen,Google Play
gp_rev_dashen_10314,user_ethiopia_386,"I really love using this app, but we need budgeting tools and dark mode features ASAP.",4,13,2024-09-24 01:40:47,Dashen,Google Play
gp_rev_dashen_10315,user_ethiopia_461,Extremely slow loading times when making instant payments to other banks.,1,8,2025-09-23 01:40:47,Dashen,Google Play
gp_rev_dashen_10316,user_ethiopia_724,Great interface! Please add fingerprint login or biometric support for security.,4,13,2024-08-12 01:40:47,Dashen,Google Play
gp_rev_dashen_10317,user_ethiopia_200,Extremely slow loading times when making instant payments to other banks.,1,7,2024-06-16 01:40:47,Dashen,Google Play
gp_rev_dashen_10318,user_ethiopia_132,I keep getting a login error and the application crashes repeatedly on launch.,1,13,2025-01-29 01:40:47,Dashen,Google Play
gp_rev_dashen_10319,user_ethiopia_492,The interface hangs on the processing screen when checking my balance. Please optimize.,2,13,2026-01-18 01:40:47,Dashen,Google Play
gp_rev_dashen_10320,user_ethiopia_844,Extremely slow loading times when making instant payments to other banks.,1,9,2025-04-12 01:40:47,Dashen,Google Play
gp_rev_dashen_10321,user_ethiopia_788,Smooth transactions. I highly recommend adding a fingerprint scanner feature.,5,2,2026-04-05 01:40:47,Dashen,Google Play
gp_rev_dashen_10322,user_ethiopia_444,The app is so slow during transfers. It takes forever to load my account balance.,2,23,2025-09-21 01:40:47,Dashen,Google Play
gp_rev_dashen_10323,user_ethiopia_180,"I really love using this app, but we need budgeting tools and dark mode features ASAP.",4,16,2025-06-08 01:40:47,Dashen,Google Play
gp_rev_dashen_10324,user_ethiopia_428,The interface hangs on the processing screen when checking my balance. Please optimize.,2,11,2025-12-26 01:40:47,Dashen,Google Play
gp_rev_dashen_10325,user_ethiopia_809,The system fails to send the OTP code. I cannot access my wallet or complete transactions.,1,1,2025-03-22 01:40:47,Dashen,Google Play
gp_rev_dashen_10326,user_ethiopia_628,The app is so slow during transfers. It takes forever to load my account balance.,2,19,2025-02-23 01:40:47,Dashen,Google Play
gp_rev_dashen_10327,user_ethiopia_227,Smooth transactions. I highly recommend adding a fingerprint scanner feature.,5,8,2024-11-11 01:40:47,Dashen,Google Play
gp_rev_dashen_10328,user_ethiopia_535,Constant server communication timeout errors. Fix the customer support line.,1,10,2024-07-07 01:40:47,Dashen,Google Play
gp_rev_dashen_10329,user_ethiopia_562,The interface hangs on the processing screen when checking my balance. Please optimize.,2,20,2024-06-23 01:40:47,Dashen,Google Play
gp_rev_dashen_10330,user_ethiopia_124,"Excellent update, transfers are fast and easy to navigate.",5,23,2026-04-24 01:40:47,Dashen,Google Play
gp_rev_dashen_10331,user_ethiopia_311,The app is so slow during transfers. It takes forever to load my account balance.,2,1,2026-03-21 01:40:47,Dashen,Google Play
gp_rev_dashen_10332,user_ethiopia_706,Smooth transactions. I highly recommend adding a fingerprint scanner feature.,5,13,2025-09-15 01:40:47,Dashen,Google Play
gp_rev_dashen_10333,user_ethiopia_805,The interface hangs on the processing screen when checking my balance. Please optimize.,2,17,2026-03-03 01:40:47,Dashen,Google Play
gp_rev_dashen_10334,user_ethiopia_656,Smooth transactions. I highly recommend adding a fingerprint scanner feature.,5,2,2025-09-30 01:40:47,Dashen,Google Play
gp_rev_dashen_10335,user_ethiopia_194,Very dependable mobile banking system for daily financial operations.,5,22,2025-01-24 01:40:47,Dashen,Google Play
gp_rev_dashen_10336,user_ethiopia_828,The app is so slow during transfers. It takes forever to load my account balance.,2,15,2025-08-31 01:40:47,Dashen,Google Play
gp_rev_dashen_10337,user_ethiopia_606,Very dependable mobile banking system for daily financial operations.,5,12,2025-03-04 01:40:47,Dashen,Google Play
gp_rev_dashen_10338,user_ethiopia_837,I keep getting a login error and the application crashes repeatedly on launch.,1,11,2026-05-03 01:40:47,Dashen,Google Play
gp_rev_dashen_10339,user_ethiopia_588,I keep getting a login error and the application crashes repeatedly on launch.,1,22,2025-10-16 01:40:47,Dashen,Google Play
gp_rev_dashen_10340,user_ethiopia_900,Great interface! Please add fingerprint login or biometric support for security.,4,5,2024-07-02 01:40:47,Dashen,Google Play
gp_rev_dashen_10341,user_ethiopia_881,Very dependable mobile banking system for daily financial operations.,5,23,2025-12-30 01:40:47,Dashen,Google Play
gp_rev_dashen_10342,user_ethiopia_218,Constant server communication timeout errors. Fix the customer support line.,1,16,2024-12-17 01:40:47,Dashen,Google Play
gp_rev_dashen_10343,user_ethiopia_592,The app is so slow during transfers. It takes forever to load my account balance.,2,25,2025-05-16 01:40:47,Dashen,Google Play
gp_rev_dashen_10344,user_ethiopia_673,Constant server communication timeout errors. Fix the customer support line.,1,8,2025-08-06 01:40:47,Dashen,Google Play
gp_rev_dashen_10345,user_ethiopia_626,Constant server communication timeout errors. Fix the customer support line.,1,23,2025-03-14 01:40:47,Dashen,Google Play
gp_rev_dashen_10346,user_ethiopia_717,Smooth transactions. I highly recommend adding a fingerprint scanner feature.,5,9,2025-09-12 01:40:47,Dashen,Google Play
gp_rev_dashen_10347,user_ethiopia_824,"Excellent update, transfers are fast and easy to navigate.",5,9,2026-03-20 01:40:47,Dashen,Google Play
gp_rev_dashen_10348,user_ethiopia_119,I keep getting a login error and the application crashes repeatedly on launch.,1,0,2024-07-19 01:40:47,Dashen,Google Play
gp_rev_dashen_10349,user_ethiopia_983,"Excellent update, transfers are fast and easy to navigate.",5,0,2025-08-17 01:40:47,Dashen,Google Play
gp_rev_dashen_10350,user_ethiopia_484,"Excellent update, transfers are fast and easy to navigate.",5,7,2025-05-28 01:40:47,Dashen,Google Play
gp_rev_dashen_10351,user_ethiopia_138,Great interface! Please add fingerprint login or biometric support for security.,4,13,2025-06-21 01:40:47,Dashen,Google Play
gp_rev_dashen_10352,user_ethiopia_924,The interface hangs on the processing screen when checking my balance. Please optimize.,2,14,2024-12-11 01:40:47,Dashen,Google Play
gp_rev_dashen_10353,user_ethiopia_733,The system fails to send the OTP code. I cannot access my wallet or complete transactions.,1,2,2026-03-20 01:40:47,Dashen,Google Play
gp_rev_dashen_10354,user_ethiopia_425,Great interface! Please add fingerprint login or biometric support for security.,4,16,2025-02-22 01:40:47,Dashen,Google Play
gp_rev_dashen_10355,user_ethiopia_140,The system fails to send the OTP code. I cannot access my wallet or complete transactions.,1,14,2024-11-22 01:40:47,Dashen,Google Play
gp_rev_dashen_10356,user_ethiopia_314,Very dependable mobile banking system for daily financial operations.,5,22,2025-06-22 01:40:47,Dashen,Google Play
gp_rev_dashen_10357,user_ethiopia_385,"I really love using this app, but we need budgeting tools and dark mode features ASAP.",4,21,2025-11-04 01:40:47,Dashen,Google Play
gp_rev_dashen_10358,user_ethiopia_421,"Excellent update, transfers are fast and easy to navigate.",5,2,2025-01-18 01:40:47,Dashen,Google Play
gp_rev_dashen_10359,user_ethiopia_871,Extremely slow loading times when making instant payments to other banks.,1,9,2026-02-20 01:40:47,Dashen,Google Play
gp_rev_dashen_10360,user_ethiopia_448,"I really love using this app, but we need budgeting tools and dark mode features ASAP.",4,7,2025-06-19 01:40:47,Dashen,Google Play
gp_rev_dashen_10361,user_ethiopia_583,Extremely slow loading times when making instant payments to other banks.,1,1,2026-01-06 01:40:47,Dashen,Google Play
gp_rev_dashen_10362,user_ethiopia_268,Constant server communication timeout errors. Fix the customer support line.,1,14,2025-05-29 01:40:47,Dashen,Google Play
gp_rev_dashen_10363,user_ethiopia_546,The system fails to send the OTP code. I cannot access my wallet or complete transactions.,1,16,2024-09-22 01:40:47,Dashen,Google Play
gp_rev_dashen_10364,user_ethiopia_603,The system fails to send the OTP code. I cannot access my wallet or complete transactions.,1,4,2026-02-28 01:40:47,Dashen,Google Play
gp_rev_dashen_10365,user_ethiopia_778,The app is so slow during transfers. It takes forever to load my account balance.,2,15,2026-04-18 01:40:47,Dashen,Google Play
gp_rev_dashen_10366,user_ethiopia_802,Extremely slow loading times when making instant payments to other banks.,1,11,2025-05-23 01:40:47,Dashen,Google Play
gp_rev_dashen_10367,user_ethiopia_389,The app is so slow during transfers. It takes forever to load my account balance.,2,23,2024-12-04 01:40:47,Dashen,Google Play
gp_rev_dashen_10368,user_ethiopia_793,The system fails to send the OTP code. I cannot access my wallet or complete transactions.,1,19,2026-05-04 01:40:47,Dashen,Google Play
gp_rev_dashen_10369,user_ethiopia_451,Smooth transactions. I highly recommend adding a fingerprint scanner feature.,5,21,2026-05-08 01:40:47,Dashen,Google Play
gp_rev_dashen_10370,user_ethiopia_366,"I really love using this app, but we need budgeting tools and dark mode features ASAP.",4,20,2025-06-09 01:40:47,Dashen,Google Play
gp_rev_dashen_10371,user_ethiopia_670,Great interface! Please add fingerprint login or biometric support for security.,4,24,2025-12-11 01:40:47,Dashen,Google Play
gp_rev_dashen_10372,user_ethiopia_881,Smooth transactions. I highly recommend adding a fingerprint scanner feature.,5,20,2025-08-11 01:40:47,Dashen,Google Play
gp_rev_dashen_10373,user_ethiopia_445,Extremely slow loading times when making instant payments to other banks.,1,13,2025-04-08 01:40:47,Dashen,Google Play
gp_rev_dashen_10374,user_ethiopia_838,"I really love using this app, but we need budgeting tools and dark mode features ASAP.",4,17,2025-04-19 01:40:47,Dashen,Google Play
gp_rev_dashen_10375,user_ethiopia_616,Extremely slow loading times when making instant payments to other banks.,1,5,2025-09-08 01:40:47,Dashen,Google Play
gp_rev_dashen_10376,user_ethiopia_274,"Excellent update, transfers are fast and easy to navigate.",5,15,2026-04-05 01:40:47,Dashen,Google Play
gp_rev_dashen_10377,user_ethiopia_119,"I really love using this app, but we need budgeting tools and dark mode features ASAP.",4,18,2025-09-28 01:40:47,Dashen,Google Play
gp_rev_dashen_10378,user_ethiopia_187,"I really love using this app, but we need budgeting tools and dark mode features ASAP.",4,24,2024-08-23 01:40:47,Dashen,Google Play
gp_rev_dashen_10379,user_ethiopia_567,"Excellent update, transfers are fast and easy to navigate.",5,7,2025-12-12 01:40:47,Dashen,Google Play
gp_rev_dashen_10380,user_ethiopia_613,The system fails to send the OTP code. I cannot access my wallet or complete transactions.,1,19,2024-08-08 01:40:47,Dashen,Google Play
gp_rev_dashen_10381,user_ethiopia_121,The system fails to send the OTP code. I cannot access my wallet or complete transactions.,1,9,2025-10-20 01:40:47,Dashen,Google Play
gp_rev_dashen_10382,user_ethiopia_696,Great interface! Please add fingerprint login or biometric support for security.,4,14,2025-08-13 01:40:47,Dashen,Google Play
gp_rev_dashen_10383,user_ethiopia_226,I keep getting a login error and the application crashes repeatedly on launch.,1,12,2025-02-07 01:40:47,Dashen,Google Play
gp_rev_dashen_10384,user_ethiopia_599,The system fails to send the OTP code. I cannot access my wallet or complete transactions.,1,10,2025-08-30 01:40:47,Dashen,Google Play
gp_rev_dashen_10385,user_ethiopia_153,Constant server communication timeout errors. Fix the customer support line.,1,1,2024-09-25 01:40:47,Dashen,Google Play
gp_rev_dashen_10386,user_ethiopia_219,I keep getting a login error and the application crashes repeatedly on launch.,1,20,2025-10-06 01:40:47,Dashen,Google Play
gp_rev_dashen_10387,user_ethiopia_660,The system fails to send the OTP code. I cannot access my wallet or complete transactions.,1,7,2025-12-28 01:40:47,Dashen,Google Play
gp_rev_dashen_10388,user_ethiopia_302,Very dependable mobile banking system for daily financial operations.,5,2,2025-11-07 01:40:47,Dashen,Google Play
gp_rev_dashen_10389,user_ethiopia_279,Very dependable mobile banking system for daily financial operations.,5,15,2025-11-24 01:40:47,Dashen,Google Play
gp_rev_dashen_10390,user_ethiopia_200,The system fails to send the OTP code. I cannot access my wallet or complete transactions.,1,8,2026-03-15 01:40:47,Dashen,Google Play
gp_rev_dashen_10391,user_ethiopia_858,Extremely slow loading times when making instant payments to other banks.,1,14,2024-12-13 01:40:47,Dashen,Google Play
gp_rev_dashen_10392,user_ethiopia_407,"I really love using this app, but we need budgeting tools and dark mode features ASAP.",4,14,2025-11-18 01:40:47,Dashen,Google Play
gp_rev_dashen_10393,user_ethiopia_850,I keep getting a login error and the application crashes repeatedly on launch.,1,2,2025-08-04 01:40:47,Dashen,Google Play
gp_rev_dashen_10394,user_ethiopia_523,I keep getting a login error and the application crashes repeatedly on launch.,1,6,2024-11-17 01:40:47,Dashen,Google Play
gp_rev_dashen_10395,user_ethiopia_181,I keep getting a login error and the application crashes repeatedly on launch.,1,3,2025-06-10 01:40:47,Dashen,Google Play
gp_rev_dashen_10396,user_ethiopia_762,The system fails to send the OTP code. I cannot access my wallet or complete transactions.,1,12,2024-09-17 01:40:47,Dashen,Google Play
gp_rev_dashen_10397,user_ethiopia_454,Extremely slow loading times when making instant payments to other banks.,1,3,2025-09-27 01:40:47,Dashen,Google Play
gp_rev_dashen_10398,user_ethiopia_304,"Excellent update, transfers are fast and easy to navigate.",5,21,2026-03-17 01:40:47,Dashen,Google Play
gp_rev_dashen_10399,user_ethiopia_995,Constant server communication timeout errors. Fix the customer support line.,1,15,2025-08-11 01:40:47,Dashen,Google Play
gp_rev_dashen_10400,user_ethiopia_843,"Excellent update, transfers are fast and easy to navigate.",5,23,2024-10-04 01:40:47,Dashen,Google Play
gp_rev_dashen_10401,user_ethiopia_184,"I really love using this app, but we need budgeting tools and dark mode features ASAP.",4,0,2026-02-01 01:40:47,Dashen,Google Play
gp_rev_dashen_10402,user_ethiopia_583,Great interface! Please add fingerprint login or biometric support for security.,4,14,2024-07-25 01:40:47,Dashen,Google Play
gp_rev_dashen_10403,user_ethiopia_322,The app is so slow during transfers. It takes forever to load my account balance.,2,24,2026-02-28 01:40:47,Dashen,Google Play
gp_rev_dashen_10404,user_ethiopia_891,Extremely slow loading times when making instant payments to other banks.,1,13,2026-04-05 01:40:47,Dashen,Google Play
gp_rev_dashen_10405,user_ethiopia_557,I keep getting a login error and the application crashes repeatedly on launch.,1,3,2025-10-26 01:40:47,Dashen,Google Play
gp_rev_dashen_10406,user_ethiopia_809,"I really love using this app, but we need budgeting tools and dark mode features ASAP.",4,17,2025-11-08 01:40:47,Dashen,Google Play
gp_rev_dashen_10407,user_ethiopia_474,Extremely slow loading times when making instant payments to other banks.,1,11,2024-10-09 01:40:47,Dashen,Google Play
gp_rev_dashen_10408,user_ethiopia_169,The interface hangs on the processing screen when checking my balance. Please optimize.,2,5,2026-03-11 01:40:47,Dashen,Google Play
gp_rev_dashen_10409,user_ethiopia_439,"Excellent update, transfers are fast and easy to navigate.",5,16,2026-03-25 01:40:47,Dashen,Google Play
gp_rev_dashen_10410,user_ethiopia_769,Extremely slow loading times when making instant payments to other banks.,1,20,2024-09-10 01:40:47,Dashen,Google Play
gp_rev_dashen_10411,user_ethiopia_728,Great interface! Please add fingerprint login or biometric support for security.,4,3,2025-07-17 01:40:47,Dashen,Google Play
gp_rev_dashen_10412,user_ethiopia_361,"Excellent update, transfers are fast and easy to navigate.",5,0,2026-01-26 01:40:47,Dashen,Google Play
gp_rev_dashen_10413,user_ethiopia_657,The system fails to send the OTP code. I cannot access my wallet or complete transactions.,1,7,2025-05-04 01:40:47,Dashen,Google Play
gp_rev_dashen_10414,user_ethiopia_735,Very dependable mobile banking system for daily financial operations.,5,13,2024-11-27 01:40:47,Dashen,Google Play
gp_rev_dashen_10415,user_ethiopia_981,Constant server communication timeout errors. Fix the customer support line.,1,11,2024-07-03 01:40:47,Dashen,Google Play
gp_rev_dashen_10416,user_ethiopia_914,Great interface! Please add fingerprint login or biometric support for security.,4,5,2025-02-16 01:40:47,Dashen,Google Play
gp_rev_dashen_10417,user_ethiopia_473,"Excellent update, transfers are fast and easy to navigate.",5,19,2024-06-27 01:40:47,Dashen,Google Play
gp_rev_dashen_10418,user_ethiopia_443,Great interface! Please add fingerprint login or biometric support for security.,4,7,2025-03-19 01:40:47,Dashen,Google Play
gp_rev_dashen_10419,user_ethiopia_157,Very dependable mobile banking system for daily financial operations.,5,13,2026-01-22 01:40:47,Dashen,Google Play
gp_rev_dashen_10420,user_ethiopia_187,Great interface! Please add fingerprint login or biometric support for security.,4,18,2025-07-23 01:40:47,Dashen,Google Play
gp_rev_dashen_10421,user_ethiopia_961,The app is so slow during transfers. It takes forever to load my account balance.,2,9,2026-01-29 01:40:47,Dashen,Google Play
gp_rev_dashen_10422,user_ethiopia_913,"Excellent update, transfers are fast and easy to navigate.",5,24,2025-03-25 01:40:47,Dashen,Google Play
gp_rev_dashen_10423,user_ethiopia_838,The app is so slow during transfers. It takes forever to load my account balance.,2,25,2024-11-15 01:40:47,Dashen,Google Play
gp_rev_dashen_10424,user_ethiopia_772,The interface hangs on the processing screen when checking my balance. Please optimize.,2,20,2024-07-27 01:40:47,Dashen,Google Play
gp_rev_dashen_10425,user_ethiopia_926,The interface hangs on the processing screen when checking my balance. Please optimize.,2,2,2025-04-13 01:40:47,Dashen,Google Play
gp_rev_dashen_10426,user_ethiopia_463,"Excellent update, transfers are fast and easy to navigate.",5,3,2025-10-12 01:40:47,Dashen,Google Play
gp_rev_dashen_10427,user_ethiopia_201,Smooth transactions. I highly recommend adding a fingerprint scanner feature.,5,25,2026-01-12 01:40:47,Dashen,Google Play
gp_rev_dashen_10428,user_ethiopia_972,The interface hangs on the processing screen when checking my balance. Please optimize.,2,18,2024-12-19 01:40:47,Dashen,Google Play
gp_rev_dashen_10429,user_ethiopia_800,"Excellent update, transfers are fast and easy to navigate.",5,18,2025-04-26 01:40:47,Dashen,Google Play
gp_rev_dashen_10430,user_ethiopia_434,The system fails to send the OTP code. I cannot access my wallet or complete transactions.,1,15,2025-08-06 01:40:47,Dashen,Google Play
gp_rev_dashen_10431,user_ethiopia_420,Smooth transactions. I highly recommend adding a fingerprint scanner feature.,5,7,2024-09-24 01:40:47,Dashen,Google Play
gp_rev_dashen_10432,user_ethiopia_625,Extremely slow loading times when making instant payments to other banks.,1,23,2024-07-28 01:40:47,Dashen,Google Play
gp_rev_dashen_10433,user_ethiopia_105,I keep getting a login error and the application crashes repeatedly on launch.,1,15,2025-06-10 01:40:47,Dashen,Google Play
gp_rev_dashen_10434,user_ethiopia_395,I keep getting a login error and the application crashes repeatedly on launch.,1,1,2024-11-28 01:40:47,Dashen,Google Play
gp_rev_dashen_10435,user_ethiopia_656,Smooth transactions. I highly recommend adding a fingerprint scanner feature.,5,3,2025-04-12 01:40:47,Dashen,Google Play
gp_rev_dashen_10436,user_ethiopia_677,The system fails to send the OTP code. I cannot access my wallet or complete transactions.,1,1,2025-02-05 01:40:47,Dashen,Google Play
gp_rev_dashen_10437,user_ethiopia_907,The system fails to send the OTP code. I cannot access my wallet or complete transactions.,1,6,2026-04-23 01:40:47,Dashen,Google Play
gp_rev_dashen_10438,user_ethiopia_156,"I really love using this app, but we need budgeting tools and dark mode features ASAP.",4,22,2024-08-02 01:40:47,Dashen,Google Play
gp_rev_dashen_10439,user_ethiopia_427,"I really love using this app, but we need budgeting tools and dark mode features ASAP.",4,3,2024-07-21 01:40:47,Dashen,Google Play
gp_rev_dashen_10440,user_ethiopia_357,Smooth transactions. I highly recommend adding a fingerprint scanner feature.,5,6,2025-04-23 01:40:47,Dashen,Google Play
gp_rev_dashen_10441,user_ethiopia_720,Smooth transactions. I highly recommend adding a fingerprint scanner feature.,5,21,2024-08-27 01:40:47,Dashen,Google Play
gp_rev_dashen_10442,user_ethiopia_297,I keep getting a login error and the application crashes repeatedly on launch.,1,16,2024-08-21 01:40:47,Dashen,Google Play
gp_rev_dashen_10443,user_ethiopia_912,The app is so slow during transfers. It takes forever to load my account balance.,2,21,2025-05-14 01:40:47,Dashen,Google Play
gp_rev_dashen_10444,user_ethiopia_143,Very dependable mobile banking system for daily financial operations.,5,1,2026-04-27 01:40:47,Dashen,Google Play
gp_rev_dashen_10445,user_ethiopia_672,"Excellent update, transfers are fast and easy to navigate.",5,4,2025-05-19 01:40:47,Dashen,Google Play
gp_rev_dashen_10446,user_ethiopia_679,Extremely slow loading times when making instant payments to other banks.,1,8,2025-04-07 01:40:47,Dashen,Google Play
gp_rev_dashen_10447,user_ethiopia_969,"I really love using this app, but we need budgeting tools and dark mode features ASAP.",4,21,2025-11-12 01:40:47,Dashen,Google Play
gp_rev_dashen_10448,user_ethiopia_414,Very dependable mobile banking system for daily financial operations.,5,12,2025-02-17 01:40:47,Dashen,Google Play
gp_rev_dashen_10449,user_ethiopia_587,Smooth transactions. I highly recommend adding a fingerprint scanner feature.,5,10,2025-02-02 01:40:47,Dashen,Google Play
gp_rev_dashen_10450,user_ethiopia_437,Constant server communication timeout errors. Fix the customer support line.,1,20,2025-07-31 01:40:47,Dashen,Google Play
gp_rev_dashen_10451,user_ethiopia_985,The system fails to send the OTP code. I cannot access my wallet or complete transactions.,1,20,2025-10-11 01:40:47,Dashen,Google Play
gp_rev_dashen_10452,user_ethiopia_727,Constant server communication timeout errors. Fix the customer support line.,1,16,2024-11-02 01:40:47,Dashen,Google Play
gp_rev_dashen_10453,user_ethiopia_721,Extremely slow loading times when making instant payments to other banks.,1,2,2024-09-06 01:40:47,Dashen,Google Play
gp_rev_dashen_10454,user_ethiopia_790,The interface hangs on the processing screen when checking my balance. Please optimize.,2,18,2024-11-03 01:40:47,Dashen,Google Play
gp_rev_dashen_10455,user_ethiopia_426,The app is so slow during transfers. It takes forever to load my account balance.,2,19,2026-01-12 01:40:47,Dashen,Google Play
gp_rev_dashen_10456,user_ethiopia_353,The app is so slow during transfers. It takes forever to load my account balance.,2,0,2025-02-23 01:40:47,Dashen,Google Play
gp_rev_dashen_10457,user_ethiopia_915,Smooth transactions. I highly recommend adding a fingerprint scanner feature.,5,2,2025-02-13 01:40:47,Dashen,Google Play
gp_rev_dashen_10458,user_ethiopia_234,Smooth transactions. I highly recommend adding a fingerprint scanner feature.,5,19,2025-08-30 01:40:47,Dashen,Google Play
gp_rev_dashen_10459,user_ethiopia_600,Very dependable mobile banking system for daily financial operations.,5,13,2026-01-09 01:40:47,Dashen,Google Play
gp_rev_dashen_10460,user_ethiopia_944,Extremely slow loading times when making instant payments to other banks.,1,3,2026-05-05 01:40:47,Dashen,Google Play
gp_rev_dashen_10461,user_ethiopia_416,The system fails to send the OTP code. I cannot access my wallet or complete transactions.,1,3,2025-02-18 01:40:47,Dashen,Google Play
gp_rev_dashen_10462,user_ethiopia_927,The interface hangs on the processing screen when checking my balance. Please optimize.,2,15,2025-09-26 01:40:47,Dashen,Google Play
gp_rev_dashen_10463,user_ethiopia_555,The system fails to send the OTP code. I cannot access my wallet or complete transactions.,1,12,2025-10-05 01:40:47,Dashen,Google Play
gp_rev_dashen_10464,user_ethiopia_356,I keep getting a login error and the application crashes repeatedly on launch.,1,23,2025-08-03 01:40:47,Dashen,Google Play
gp_rev_dashen_10465,user_ethiopia_472,The system fails to send the OTP code. I cannot access my wallet or complete transactions.,1,20,2025-03-17 01:40:47,Dashen,Google Play
gp_rev_dashen_10466,user_ethiopia_542,Great interface! Please add fingerprint login or biometric support for security.,4,9,2026-01-15 01:40:47,Dashen,Google Play
gp_rev_dashen_10467,user_ethiopia_553,"I really love using this app, but we need budgeting tools and dark mode features ASAP.",4,23,2024-11-05 01:40:47,Dashen,Google Play
gp_rev_dashen_10468,user_ethiopia_115,Smooth transactions. I highly recommend adding a fingerprint scanner feature.,5,19,2024-08-29 01:40:47,Dashen,Google Play
gp_rev_dashen_10469,user_ethiopia_450,Constant server communication timeout errors. Fix the customer support line.,1,5,2025-04-04 01:40:47,Dashen,Google Play
gp_rev_dashen_10470,user_ethiopia_531,"I really love using this app, but we need budgeting tools and dark mode features ASAP.",4,8,2025-08-20 01:40:47,Dashen,Google Play
gp_rev_dashen_10471,user_ethiopia_441,I keep getting a login error and the application crashes repeatedly on launch.,1,12,2025-10-12 01:40:47,Dashen,Google Play
gp_rev_dashen_10472,user_ethiopia_540,"I really love using this app, but we need budgeting tools and dark mode features ASAP.",4,12,2025-06-16 01:40:47,Dashen,Google Play
gp_rev_dashen_10473,user_ethiopia_855,The interface hangs on the processing screen when checking my balance. Please optimize.,2,11,2024-10-02 01:40:47,Dashen,Google Play
gp_rev_dashen_10474,user_ethiopia_619,Extremely slow loading times when making instant payments to other banks.,1,11,2025-08-09 01:40:47,Dashen,Google Play
gp_rev_dashen_10475,user_ethiopia_489,"I really love using this app, but we need budgeting tools and dark mode features ASAP.",4,9,2026-03-13 01:40:47,Dashen,Google Play
gp_rev_dashen_10476,user_ethiopia_693,The system fails to send the OTP code. I cannot access my wallet or complete transactions.,1,12,2026-02-27 01:40:47,Dashen,Google Play
gp_rev_dashen_10477,user_ethiopia_692,The app is so slow during transfers. It takes forever to load my account balance.,2,22,2024-12-13 01:40:47,Dashen,Google Play
gp_rev_dashen_10478,user_ethiopia_336,Smooth transactions. I highly recommend adding a fingerprint scanner feature.,5,11,2025-08-11 01:40:47,Dashen,Google Play
gp_rev_dashen_10479,user_ethiopia_482,The interface hangs on the processing screen when checking my balance. Please optimize.,2,0,2025-01-29 01:40:47,Dashen,Google Play
gp_rev_dashen_10480,user_ethiopia_745,"Excellent update, transfers are fast and easy to navigate.",5,25,2025-12-04 01:40:47,Dashen,Google Play
gp_rev_dashen_10481,user_ethiopia_871,The system fails to send the OTP code. I cannot access my wallet or complete transactions.,1,4,2024-12-26 01:40:47,Dashen,Google Play
gp_rev_dashen_10482,user_ethiopia_451,The interface hangs on the processing screen when checking my balance. Please optimize.,2,2,2026-03-21 01:40:47,Dashen,Google Play
gp_rev_dashen_10483,user_ethiopia_781,Very dependable mobile banking system for daily financial operations.,5,13,2026-01-28 01:40:47,Dashen,Google Play
gp_rev_dashen_10484,user_ethiopia_666,"Excellent update, transfers are fast and easy to navigate.",5,11,2024-07-31 01:40:47,Dashen,Google Play
gp_rev_dashen_10485,user_ethiopia_848,Very dependable mobile banking system for daily financial operations.,5,21,2024-06-27 01:40:47,Dashen,Google Play
gp_rev_dashen_10486,user_ethiopia_471,Constant server communication timeout errors. Fix the customer support line.,1,18,2026-03-24 01:40:47,Dashen,Google Play
gp_rev_dashen_10487,user_ethiopia_589,The interface hangs on the processing screen when checking my balance. Please optimize.,2,25,2025-08-23 01:40:47,Dashen,Google Play
gp_rev_dashen_10488,user_ethiopia_461,Great interface! Please add fingerprint login or biometric support for security.,4,13,2026-03-09 01:40:47,Dashen,Google Play
gp_rev_dashen_10489,user_ethiopia_159,The app is so slow during transfers. It takes forever to load my account balance.,2,9,2024-10-03 01:40:47,Dashen,Google Play
gp_rev_dashen_10490,user_ethiopia_594,The app is so slow during transfers. It takes forever to load my account balance.,2,9,2024-07-11 01:40:47,Dashen,Google Play
gp_rev_dashen_10491,user_ethiopia_726,Very dependable mobile banking system for daily financial operations.,5,22,2025-01-23 01:40:47,Dashen,Google Play
gp_rev_dashen_10492,user_ethiopia_598,Very dependable mobile banking system for daily financial operations.,5,17,2026-03-18 01:40:47,Dashen,Google Play
gp_rev_dashen_10493,user_ethiopia_663,Constant server communication timeout errors. Fix the customer support line.,1,11,2025-05-13 01:40:47,Dashen,Google Play
gp_rev_dashen_10494,user_ethiopia_290,Extremely slow loading times when making instant payments to other banks.,1,24,2025-11-09 01:40:47,Dashen,Google Play
gp_rev_dashen_10495,user_ethiopia_405,The system fails to send the OTP code. I cannot access my wallet or complete transactions.,1,0,2025-08-08 01:40:47,Dashen,Google Play
gp_rev_dashen_10496,user_ethiopia_547,Great interface! Please add fingerprint login or biometric support for security.,4,18,2026-04-04 01:40:47,Dashen,Google Play
gp_rev_dashen_10497,user_ethiopia_933,Great interface! Please add fingerprint login or biometric support for security.,4,10,2024-09-13 01:40:47,Dashen,Google Play
gp_rev_dashen_10498,user_ethiopia_188,Very dependable mobile banking system for daily financial operations.,5,15,2026-01-11 01:40:47,Dashen,Google Play
gp_rev_dashen_10499,user_ethiopia_715,Smooth transactions. I highly recommend adding a fingerprint scanner feature.,5,16,2025-07-09 01:40:47,Dashen,Google Play
